Release Set,Release Date,Product,Product Type,Card Name,Card Number,Variant,Region,Notes
Play Pokemon Prize Pack Series Seven,,Play Pokemon Prize Pack Series Seven,Prize Pack,Archaludon,SCR107,Play Pokemon Stamp,US/UK,Official card list; one checkbox mark extracted
Play Pokemon Prize Pack Series Seven,,Play Pokemon Prize Pack Series Seven,Prize Pack,Archaludon ex,SSP130,Play Pokemon Stamp,US/UK,Official card list; one checkbox mark extracted
Play Pokemon Prize Pack Series Seven,,Play Pokemon Prize Pack Series Seven,Prize Pack,Azumarill,SSP074,Play Pokemon Stamp,US/UK,Official card list; one checkbox mark extracted
Play Pokemon Prize Pack Series Seven,,Play Pokemon Prize Pack Series Seven,Prize Pack,Blissey ex,TWM134,Play Pokemon Stamp,US/UK,Official card list; one checkbox mark extracted
Play Pokemon Prize Pack Series Seven,,Play Pokemon Prize Pack Series Seven,Prize Pack,Bloodmoon Ursaluna ex,TWM141,Play Pokemon Stamp,US/UK,Official card list; one checkbox mark extracted
Play Pokemon Prize Pack Series Seven,,Play Pokemon Prize Pack Series Seven,Prize Pack,Bouffalant,SCR119,Play Pokemon Stamp,US/UK,Official card list; one checkbox mark extracted
Play Pokemon Prize Pack Series Seven,,Play Pokemon Prize Pack Series Seven,Prize Pack,Budew,PRE004,Play Pokemon Stamp,US/UK,Official card list; two checkbox marks extracted
Play Pokemon Prize Pack Series Seven,,Play Pokemon Prize Pack Series Seven,Prize Pack,Ceruledge ex,SSP036,Play Pokemon Stamp,US/UK,Official card list; one checkbox mark extracted
Play Pokemon Prize Pack Series Seven,,Play Pokemon Prize Pack Series Seven,Prize Pack,Conkeldurr,TWM105,Play Pokemon Stamp,US/UK,Official card list; one checkbox mark extracted
Play Pokemon Prize Pack Series Seven,,Play Pokemon Prize Pack Series Seven,Prize Pack,Drilbur,TEF085,Play Pokemon Stamp,US/UK,Official card list; one checkbox mark extracted
Play Pokemon Prize Pack Series Seven,,Play Pokemon Prize Pack Series Seven,Prize Pack,Dudunsparce,TEF129,Play Pokemon Stamp,US/UK,Official card list; one checkbox mark extracted
Play Pokemon Prize Pack Series Seven,,Play Pokemon Prize Pack Series Seven,Prize Pack,Dusclops,SFA019,Play Pokemon Stamp,US/UK,Official card list; two checkbox marks extracted
Play Pokemon Prize Pack Series Seven,,Play Pokemon Prize Pack Series Seven,Prize Pack,Dusknoir,SFA020,Play Pokemon Stamp,US/UK,Official card list; two checkbox marks extracted
Play Pokemon Prize Pack Series Seven,,Play Pokemon Prize Pack Series Seven,Prize Pack,Eevee,SSP143,Play Pokemon Stamp,US/UK,Official card list; one checkbox mark extracted
Play Pokemon Prize Pack Series Seven,,Play Pokemon Prize Pack Series Seven,Prize Pack,Eevee ex,PRE075,Play Pokemon Stamp,US/UK,Official card list; one checkbox mark extracted
Play Pokemon Prize Pack Series Seven,,Play Pokemon Prize Pack Series Seven,Prize Pack,Espeon ex,PRE034,Play Pokemon Stamp,US/UK,Official card list; one checkbox mark extracted
Play Pokemon Prize Pack Series Seven,,Play Pokemon Prize Pack Series Seven,Prize Pack,Fan Rotom,SCR118,Play Pokemon Stamp,US/UK,Official card list; one checkbox mark extracted
Play Pokemon Prize Pack Series Seven,,Play Pokemon Prize Pack Series Seven,Prize Pack,Fezandipiti ex,SFA038,Play Pokemon Stamp,US/UK,Official card list; one checkbox mark extracted
Play Pokemon Prize Pack Series Seven,,Play Pokemon Prize Pack Series Seven,Prize Pack,Flareon ex,PRE014,Play Pokemon Stamp,US/UK,Official card list; one checkbox mark extracted
Play Pokemon Prize Pack Series Seven,,Play Pokemon Prize Pack Series Seven,Prize Pack,Froslass,TWM053,Play Pokemon Stamp,US/UK,Official card list; one checkbox mark extracted
Play Pokemon Prize Pack Series Seven,,Play Pokemon Prize Pack Series Seven,Prize Pack,Galvantula,SFA002,Play Pokemon Stamp,US/UK,Official card list; one checkbox mark extracted
Play Pokemon Prize Pack Series Seven,,Play Pokemon Prize Pack Series Seven,Prize Pack,Gastrodon,SSP107,Play Pokemon Stamp,US/UK,Official card list; one checkbox mark extracted
Play Pokemon Prize Pack Series Seven,,Play Pokemon Prize Pack Series Seven,Prize Pack,Glaceon ex,PRE026,Play Pokemon Stamp,US/UK,Official card list; one checkbox mark extracted
Play Pokemon Prize Pack Series Seven,,Play Pokemon Prize Pack Series Seven,Prize Pack,Greninja ex,TWM106,Play Pokemon Stamp,US/UK,Official card list; one checkbox mark extracted
Play Pokemon Prize Pack Series Seven,,Play Pokemon Prize Pack Series Seven,Prize Pack,Ho-Oh,SSP019,Play Pokemon Stamp,US/UK,Official card list; one checkbox mark extracted
Play Pokemon Prize Pack Series Seven,,Play Pokemon Prize Pack Series Seven,Prize Pack,Hop's Dubwool,JTG136,Play Pokemon Stamp,US/UK,Official card list; one checkbox mark extracted
Play Pokemon Prize Pack Series Seven,,Play Pokemon Prize Pack Series Seven,Prize Pack,Hop's Snorlax,JTG117,Play Pokemon Stamp,US/UK,Official card list; one checkbox mark extracted
Play Pokemon Prize Pack Series Seven,,Play Pokemon Prize Pack Series Seven,Prize Pack,Hop's Zacian ex,JTG111,Play Pokemon Stamp,US/UK,Official card list; one checkbox mark extracted
Play Pokemon Prize Pack Series Seven,,Play Pokemon Prize Pack Series Seven,Prize Pack,Iono's Bellibolt ex,JTG053,Play Pokemon Stamp,US/UK,Official card list; one checkbox mark extracted
Play Pokemon Prize Pack Series Seven,,Play Pokemon Prize Pack Series Seven,Prize Pack,Iono's Kilowattrel,JTG055,Play Pokemon Stamp,US/UK,Official card list; one checkbox mark extracted
Play Pokemon Prize Pack Series Seven,,Play Pokemon Prize Pack Series Seven,Prize Pack,Iono's Voltorb,JTG047,Play Pokemon Stamp,US/UK,Official card list; one checkbox mark extracted
Play Pokemon Prize Pack Series Seven,,Play Pokemon Prize Pack Series Seven,Prize Pack,Iron Thorns ex,TWM077,Play Pokemon Stamp,US/UK,Official card list; one checkbox mark extracted
Play Pokemon Prize Pack Series Seven,,Play Pokemon Prize Pack Series Seven,Prize Pack,Jolteon ex,PRE030,Play Pokemon Stamp,US/UK,Official card list; one checkbox mark extracted
Play Pokemon Prize Pack Series Seven,,Play Pokemon Prize Pack Series Seven,Prize Pack,Joltik,SCR050,Play Pokemon Stamp,US/UK,Official card list; one checkbox mark extracted
Play Pokemon Prize Pack Series Seven,,Play Pokemon Prize Pack Series Seven,Prize Pack,Latias ex,SSP076,Play Pokemon Stamp,US/UK,Official card list; one checkbox mark extracted
Play Pokemon Prize Pack Series Seven,,Play Pokemon Prize Pack Series Seven,Prize Pack,Leafeon ex,PRE006,Play Pokemon Stamp,US/UK,Official card list; one checkbox mark extracted
Play Pokemon Prize Pack Series Seven,,Play Pokemon Prize Pack Series Seven,Prize Pack,Lillie's Clefairy ex,JTG056,Play Pokemon Stamp,US/UK,Official card list; one checkbox mark extracted
Play Pokemon Prize Pack Series Seven,,Play Pokemon Prize Pack Series Seven,Prize Pack,Lillie's Ribombee,JTG067,Play Pokemon Stamp,US/UK,Official card list; two checkbox marks extracted
Play Pokemon Prize Pack Series Seven,,Play Pokemon Prize Pack Series Seven,Prize Pack,Magneton,SSP059,Play Pokemon Stamp,US/UK,Official card list; one checkbox mark extracted
Play Pokemon Prize Pack Series Seven,,Play Pokemon Prize Pack Series Seven,Prize Pack,Mamoswine ex,JTG079,Play Pokemon Stamp,US/UK,Official card list; one checkbox mark extracted
Play Pokemon Prize Pack Series Seven,,Play Pokemon Prize Pack Series Seven,Prize Pack,Metang,TEF114,Play Pokemon Stamp,US/UK,Official card list; one checkbox mark extracted
Play Pokemon Prize Pack Series Seven,,Play Pokemon Prize Pack Series Seven,Prize Pack,Munkidori,TWM095,Play Pokemon Stamp,US/UK,Official card list; one checkbox mark extracted
Play Pokemon Prize Pack Series Seven,,Play Pokemon Prize Pack Series Seven,Prize Pack,Noctowl,SCR115,Play Pokemon Stamp,US/UK,Official card list; two checkbox marks extracted
Play Pokemon Prize Pack Series Seven,,Play Pokemon Prize Pack Series Seven,Prize Pack,N's Darmanitan,JTG027,Play Pokemon Stamp,US/UK,Official card list; one checkbox mark extracted
Play Pokemon Prize Pack Series Seven,,Play Pokemon Prize Pack Series Seven,Prize Pack,N's Reshiram,JTG116,Play Pokemon Stamp,US/UK,Official card list; one checkbox mark extracted
Play Pokemon Prize Pack Series Seven,,Play Pokemon Prize Pack Series Seven,Prize Pack,N's Zoroark ex,JTG098,Play Pokemon Stamp,US/UK,Official card list; one checkbox mark extracted
Play Pokemon Prize Pack Series Seven,,Play Pokemon Prize Pack Series Seven,Prize Pack,Pikachu ex,SSP057,Play Pokemon Stamp,US/UK,Official card list; one checkbox mark extracted
Play Pokemon Prize Pack Series Seven,,Play Pokemon Prize Pack Series Seven,Prize Pack,Rabsca,TEF024,Play Pokemon Stamp,US/UK,Official card list; one checkbox mark extracted
Play Pokemon Prize Pack Series Seven,,Play Pokemon Prize Pack Series Seven,Prize Pack,Regigigas,PRE086,Play Pokemon Stamp,US/UK,Official card list; one checkbox mark extracted
Play Pokemon Prize Pack Series Seven,,Play Pokemon Prize Pack Series Seven,Prize Pack,Sylveon ex,SSP086,Play Pokemon Stamp,US/UK,Official card list; one checkbox mark extracted
Play Pokemon Prize Pack Series Seven,,Play Pokemon Prize Pack Series Seven,Prize Pack,Tapu Koko,SSP065,Play Pokemon Stamp,US/UK,Official card list; one checkbox mark extracted
Play Pokemon Prize Pack Series Seven,,Play Pokemon Prize Pack Series Seven,Prize Pack,Tatsugiri,TWM131,Play Pokemon Stamp,US/UK,Official card list; one checkbox mark extracted
Play Pokemon Prize Pack Series Seven,,Play Pokemon Prize Pack Series Seven,Prize Pack,Teal Mask Ogerpon ex,TWM025,Play Pokemon Stamp,US/UK,Official card list; one checkbox mark extracted
Play Pokemon Prize Pack Series Seven,,Play Pokemon Prize Pack Series Seven,Prize Pack,Terapagos,SSP161,Play Pokemon Stamp,US/UK,Official card list; one checkbox mark extracted
Play Pokemon Prize Pack Series Seven,,Play Pokemon Prize Pack Series Seven,Prize Pack,Terapagos ex,SCR128,Play Pokemon Stamp,US/UK,Official card list; one checkbox mark extracted
Play Pokemon Prize Pack Series Seven,,Play Pokemon Prize Pack Series Seven,Prize Pack,Tyranitar,JTG095,Play Pokemon Stamp,US/UK,Official card list; one checkbox mark extracted
Play Pokemon Prize Pack Series Seven,,Play Pokemon Prize Pack Series Seven,Prize Pack,Umbreon ex,PRE060,Play Pokemon Stamp,US/UK,Official card list; one checkbox mark extracted
Play Pokemon Prize Pack Series Seven,,Play Pokemon Prize Pack Series Seven,Prize Pack,Vaporeon ex,PRE023,Play Pokemon Stamp,US/UK,Official card list; one checkbox mark extracted
Play Pokemon Prize Pack Series Seven,,Play Pokemon Prize Pack Series Seven,Prize Pack,Area Zero Underdepths,SCR131,Play Pokemon Stamp,US/UK,Official card list; two checkbox marks extracted
Play Pokemon Prize Pack Series Seven,,Play Pokemon Prize Pack Series Seven,Prize Pack,Bianca's Devotion,TEF142,Play Pokemon Stamp,US/UK,Official card list; one checkbox mark extracted
Play Pokemon Prize Pack Series Seven,,Play Pokemon Prize Pack Series Seven,Prize Pack,Briar,SCR132,Play Pokemon Stamp,US/UK,Official card list; one checkbox mark extracted
Play Pokemon Prize Pack Series Seven,,Play Pokemon Prize Pack Series Seven,Prize Pack,Brilliant Blender,SSP164,Play Pokemon Stamp,US/UK,Official card list; one checkbox mark extracted
Play Pokemon Prize Pack Series Seven,,Play Pokemon Prize Pack Series Seven,Prize Pack,Brock's Scouting,JTG146,Play Pokemon Stamp,US/UK,Official card list; one checkbox mark extracted
Play Pokemon Prize Pack Series Seven,,Play Pokemon Prize Pack Series Seven,Prize Pack,Buddy-Buddy Poffin,TEF144,Play Pokemon Stamp,US/UK,Official card list; two checkbox marks extracted
Play Pokemon Prize Pack Series Seven,,Play Pokemon Prize Pack Series Seven,Prize Pack,Bug Catching Set,TWM143,Play Pokemon Stamp,US/UK,Official card list; one checkbox mark extracted
Play Pokemon Prize Pack Series Seven,,Play Pokemon Prize Pack Series Seven,Prize Pack,Carmine,TWM145,Play Pokemon Stamp,US/UK,Official card list; one checkbox mark extracted
Play Pokemon Prize Pack Series Seven,,Play Pokemon Prize Pack Series Seven,Prize Pack,Colress's Tenacity,SFA057,Play Pokemon Stamp,US/UK,Official card list; two checkbox marks extracted
Play Pokemon Prize Pack Series Seven,,Play Pokemon Prize Pack Series Seven,Prize Pack,Counter Gain,SSP169,Play Pokemon Stamp,US/UK,Official card list; one checkbox mark extracted
Play Pokemon Prize Pack Series Seven,,Play Pokemon Prize Pack Series Seven,Prize Pack,Crispin,SCR133,Play Pokemon Stamp,US/UK,Official card list; two checkbox marks extracted
Play Pokemon Prize Pack Series Seven,,Play Pokemon Prize Pack Series Seven,Prize Pack,Enhanced Hammer,TWM148,Play Pokemon Stamp,US/UK,Official card list; one checkbox mark extracted
Play Pokemon Prize Pack Series Seven,,Play Pokemon Prize Pack Series Seven,Prize Pack,Glass Trumpet,SCR135,Play Pokemon Stamp,US/UK,Official card list; two checkbox marks extracted
Play Pokemon Prize Pack Series Seven,,Play Pokemon Prize Pack Series Seven,Prize Pack,Gravity Mountain,SSP177,Play Pokemon Stamp,US/UK,Official card list; one checkbox mark extracted
Play Pokemon Prize Pack Series Seven,,Play Pokemon Prize Pack Series Seven,Prize Pack,Hop's Bag,JTG147,Play Pokemon Stamp,US/UK,Official card list; one checkbox mark extracted
Play Pokemon Prize Pack Series Seven,,Play Pokemon Prize Pack Series Seven,Prize Pack,Hop's Choice Band,JTG148,Play Pokemon Stamp,US/UK,Official card list; one checkbox mark extracted
Play Pokemon Prize Pack Series Seven,,Play Pokemon Prize Pack Series Seven,Prize Pack,Iris's Fighting Spirit,JTG149,Play Pokemon Stamp,US/UK,Official card list; one checkbox mark extracted
Play Pokemon Prize Pack Series Seven,,Play Pokemon Prize Pack Series Seven,Prize Pack,Jamming Tower,TWM153,Play Pokemon Stamp,US/UK,Official card list; one checkbox mark extracted
Play Pokemon Prize Pack Series Seven,,Play Pokemon Prize Pack Series Seven,Prize Pack,Levincia,JTG150,Play Pokemon Stamp,US/UK,Official card list; two checkbox marks extracted
Play Pokemon Prize Pack Series Seven,,Play Pokemon Prize Pack Series Seven,Prize Pack,Lillie's Pearl,JTG151,Play Pokemon Stamp,US/UK,Official card list; one checkbox mark extracted
Play Pokemon Prize Pack Series Seven,,Play Pokemon Prize Pack Series Seven,Prize Pack,Max Rod,PRE116,Play Pokemon Stamp,US/UK,Official card list; one checkbox mark extracted
Play Pokemon Prize Pack Series Seven,,Play Pokemon Prize Pack Series Seven,Prize Pack,Night Stretcher,SFA061,Play Pokemon Stamp,US/UK,Official card list; two checkbox marks extracted
Play Pokemon Prize Pack Series Seven,,Play Pokemon Prize Pack Series Seven,Prize Pack,N's Castle,JTG152,Play Pokemon Stamp,US/UK,Official card list; one checkbox mark extracted
Play Pokemon Prize Pack Series Seven,,Play Pokemon Prize Pack Series Seven,Prize Pack,N's PP Up,JTG153,Play Pokemon Stamp,US/UK,Official card list; two checkbox marks extracted
Play Pokemon Prize Pack Series Seven,,Play Pokemon Prize Pack Series Seven,Prize Pack,Postwick,JTG154,Play Pokemon Stamp,US/UK,Official card list; one checkbox mark extracted
Play Pokemon Prize Pack Series Seven,,Play Pokemon Prize Pack Series Seven,Prize Pack,Powerglass,SFA063,Play Pokemon Stamp,US/UK,Official card list; two checkbox marks extracted
Play Pokemon Prize Pack Series Seven,,Play Pokemon Prize Pack Series Seven,Prize Pack,Prime Catcher,TEF157,Play Pokemon Stamp,US/UK,Official card list; one checkbox mark extracted
Play Pokemon Prize Pack Series Seven,,Play Pokemon Prize Pack Series Seven,Prize Pack,Scramble Switch,SSP186,Play Pokemon Stamp,US/UK,Official card list; one checkbox mark extracted
Play Pokemon Prize Pack Series Seven,,Play Pokemon Prize Pack Series Seven,Prize Pack,Sparkling Crystal,SCR142,Play Pokemon Stamp,US/UK,Official card list; one checkbox mark extracted
Play Pokemon Prize Pack Series Seven,,Play Pokemon Prize Pack Series Seven,Prize Pack,Tera Orb,SSP189,Play Pokemon Stamp,US/UK,Official card list; one checkbox mark extracted
Play Pokemon Prize Pack Series Seven,,Play Pokemon Prize Pack Series Seven,Prize Pack,Basic Grass Energy,SVE009,Play Pokemon Stamp,US/UK,Official card list; two checkbox marks extracted
Play Pokemon Prize Pack Series Seven,,Play Pokemon Prize Pack Series Seven,Prize Pack,Basic Fire Energy,SVE010,Play Pokemon Stamp,US/UK,Official card list; two checkbox marks extracted
Play Pokemon Prize Pack Series Seven,,Play Pokemon Prize Pack Series Seven,Prize Pack,Basic Water Energy,SVE011,Play Pokemon Stamp,US/UK,Official card list; two checkbox marks extracted
Play Pokemon Prize Pack Series Seven,,Play Pokemon Prize Pack Series Seven,Prize Pack,Basic Lightning Energy,SVE012,Play Pokemon Stamp,US/UK,Official card list; two checkbox marks extracted
Play Pokemon Prize Pack Series Seven,,Play Pokemon Prize Pack Series Seven,Prize Pack,Basic Psychic Energy,SVE013,Play Pokemon Stamp,US/UK,Official card list; two checkbox marks extracted
Play Pokemon Prize Pack Series Seven,,Play Pokemon Prize Pack Series Seven,Prize Pack,Basic Fighting Energy,SVE014,Play Pokemon Stamp,US/UK,Official card list; two checkbox marks extracted
Play Pokemon Prize Pack Series Seven,,Play Pokemon Prize Pack Series Seven,Prize Pack,Basic Darkness Energy,SVE015,Play Pokemon Stamp,US/UK,Official card list; two checkbox marks extracted
Play Pokemon Prize Pack Series Seven,,Play Pokemon Prize Pack Series Seven,Prize Pack,Basic Metal Energy,SVE016,Play Pokemon Stamp,US/UK,Official card list; two checkbox marks extracted
